<?xml version="1.0" encoding="UTF-8"?>
<project-private xmlns="http://www.netbeans.org/ns/project-private/1">
    <editor-bookmarks xmlns="http://www.netbeans.org/ns/editor-bookmarks/2" lastBookmarkId="0"/>
    <open-files xmlns="http://www.netbeans.org/ns/projectui-open-files/2">
        <group>
            <file>file:/C:/Users/smeke/OneDrive/Документы/NetBeansProjects/GameCodes/src/java/servlets/LoginServlet.java</file>
            <file>file:/C:/Users/smeke/OneDrive/Документы/NetBeansProjects/GameCodes/src/conf/persistence.xml</file>
            <file>file:/C:/Users/smeke/OneDrive/Документы/NetBeansProjects/GameCodes/src/java/session/PictureFacade.java</file>
            <file>file:/C:/Users/smeke/OneDrive/Документы/NetBeansProjects/GameCodes/nbproject/build-impl.xml</file>
            <file>file:/C:/Users/smeke/OneDrive/Документы/NetBeansProjects/GameCodes/src/java/servlets/UploadServlet.java</file>
            <file>file:/C:/Users/smeke/OneDrive/Документы/NetBeansProjects/GameCodes/src/java/servlets/PurchaseServlet.java</file>
            <file>file:/C:/Users/smeke/OneDrive/Документы/NetBeansProjects/GameCodes/src/java/session/AbstractFacade.java</file>
            <file>file:/C:/Users/smeke/OneDrive/Документы/NetBeansProjects/GameCodes/src/java/entity/Product.java</file>
            <file>file:/C:/Users/smeke/OneDrive/Документы/NetBeansProjects/GameCodes/src/java/session/UserRolesFacade.java</file>
            <file>file:/C:/Users/smeke/OneDrive/Документы/NetBeansProjects/GameCodes/src/java/servlets/CustomerServlet.java</file>
            <file>file:/C:/Users/smeke/OneDrive/Документы/NetBeansProjects/GameCodes/src/java/entity/Role.java</file>
            <file>file:/C:/Users/smeke/OneDrive/Документы/NetBeansProjects/GameCodes/src/java/entity/User.java</file>
            <file>file:/C:/Users/smeke/OneDrive/Документы/NetBeansProjects/GameCodes/src/conf/MANIFEST.MF</file>
            <file>file:/C:/Users/smeke/OneDrive/Документы/NetBeansProjects/GameCodes/src/java/servlets/AdminServlet.java</file>
            <file>file:/C:/Users/smeke/OneDrive/Документы/NetBeansProjects/GameCodes/web/WEB-INF/products/addProduct.jsp</file>
            <file>file:/C:/Users/smeke/OneDrive/Документы/NetBeansProjects/GameCodes/src/java/session/UserFacade.java</file>
            <file>file:/C:/Users/smeke/OneDrive/Документы/NetBeansProjects/GameCodes/src/java/session/ProductFacade.java</file>
            <file>file:/C:/Users/smeke/OneDrive/Документы/NetBeansProjects/GameCodes/web/WEB-INF/products/addPicture.jsp</file>
            <file>file:/C:/Users/smeke/OneDrive/Документы/NetBeansProjects/GameCodes/web/WEB-INF/products/editProduct.jsp</file>
            <file>file:/C:/Users/smeke/OneDrive/Документы/NetBeansProjects/GameCodes/src/java/entity/Picture.java</file>
            <file>file:/C:/Users/smeke/OneDrive/Документы/NetBeansProjects/GameCodes/build/web/WEB-INF/products/addPicture.jsp</file>
            <file>file:/C:/Users/smeke/OneDrive/Документы/NetBeansProjects/GameCodes/build/web/WEB-INF/products/addProduct.jsp</file>
            <file>file:/C:/Users/smeke/OneDrive/Документы/NetBeansProjects/GameCodes/src/java/servlets/GuestServlet.java</file>
            <file>file:/C:/Users/smeke/OneDrive/Документы/NetBeansProjects/GameCodes/src/java/entity/UserRoles.java</file>
            <file>file:/C:/Users/smeke/OneDrive/Документы/NetBeansProjects/GameCodes/src/java/session/HistoryFacade.java</file>
            <file>file:/C:/Users/smeke/OneDrive/Документы/NetBeansProjects/GameCodes/src/java/servlets/InsertFile.java</file>
            <file>file:/C:/Users/smeke/OneDrive/Документы/NetBeansProjects/GameCodes/build/web/WEB-INF/products/editProduct.jsp</file>
            <file>file:/C:/Users/smeke/OneDrive/Документы/NetBeansProjects/GameCodes/src/java/session/RoleFacade.java</file>
            <file>file:/C:/Users/smeke/OneDrive/Документы/NetBeansProjects/GameCodes/web/WEB-INF/web.xml</file>
        </group>
    </open-files>
</project-private>
